"Informazioni cronologiche","Language/Lingua:","What gender do you identify with?","How old are you?","Where are you from?","Did you continue your studies after high school?","Sesso:","Età:","Continente di provenienza:","Hai continuato gli studi dopo le scuole superiori?","What is your educational background?","In che campo hai studiato?","Are you employed?","Do you spend a lot of time outdoor?","Hai un lavoro?","Passi molto tempo all'aria aperta?","Assuming you are interested in the product, which is the maximum amount of money you would pay for it? (€)","Assumendo ti interessi il prodotto, qual è la cifra massima che spenderesti per acquistarlo? (€)"
"2019/03/15 11:58:50 AM GMT-5","Italiano","","","","","Maschio","23","Europa Meridionale (Grecia, Italia, Portogallo, Spagna, ...)","Sì","","Scientifico (Ingegneria, Matematica, Medicina...)","","","Sì","Sì","","150"
"2019/03/15 11:59:40 AM GMT-5","English","Female","28","Asia","Yes","","","","","Scientific (Engineering, Maths, Medicine...)","","No","Yes","","","20",""
"2019/03/15 12:02:03 PM GMT-5","English","Male","24","Southern Europe (Greece, Italy, Portugal, Spain, ...)","Yes","","","","","Scientific (Engineering, Maths, Medicine...)","","No","Yes","","","130",""
"2019/03/15 12:06:44 PM GMT-5","English","Male","23","Asia","Yes","","","","","Scientific (Engineering, Maths, Medicine...)","","No","Yes","","","150",""
"2019/03/15 12:08:23 PM GMT-5","English","Male","25","North America","Yes","","","","","Scientific (Engineering, Maths, Medicine...)","","Yes","Yes","","","300",""
"2019/03/15 12:10:32 PM GMT-5","English","Male","22","Asia","Yes","","","","","Scientific (Engineering, Maths, Medicine...)","","No","No","","","20",""
"2019/03/15 12:11:47 PM GMT-5","English","Male","27","Southern Europe (Greece, Italy, Portugal, Spain, ...)","Yes","","","","","Scientific (Engineering, Maths, Medicine...)","","Yes","Yes","","","50",""
"2019/03/15 12:17:54 PM GMT-5","English","Male","21","Asia","Yes","","","","","Scientific (Engineering, Maths, Medicine...)","","No","Yes","","","15",""
"2019/03/15 12:18:02 PM GMT-5","English","Female","19","Asia","Yes","","","","","Humanistic (Languages, Law, Literature, ...)","","No","Yes","","","80",""
"2019/03/15 12:29:27 PM GMT-5","Italiano","","","","","Maschio","53","Europa Meridionale (Grecia, Italia, Portogallo, Spagna, ...)","No","","","","","Sì","Sì","","35"
"2019/03/15 12:48:47 PM GMT-5","Italiano","","","","","Femmina","19","Europa Meridionale (Grecia, Italia, Portogallo, Spagna, ...)","Sì","","Umanistico (Lingue, Legge, Letteratura, ...)","","","No","No","","140"
"2019/03/15 12:48:54 PM GMT-5","Italiano","","","","","Femmina","17","Europa Meridionale (Grecia, Italia, Portogallo, Spagna, ...)","Sì","","Umanistico (Lingue, Legge, Letteratura, ...)","","","No","No","","130"
"2019/03/15 12:53:19 PM GMT-5","Italiano","","","","","Femmina","19","Europa Meridionale (Grecia, Italia, Portogallo, Spagna, ...)","Sì","","Umanistico (Lingue, Legge, Letteratura, ...)","","","No","No","","70"
"2019/03/15 12:53:48 PM GMT-5","Italiano","","","","","Femmina","17","Europa Meridionale (Grecia, Italia, Portogallo, Spagna, ...)","Sì","","Umanistico (Lingue, Legge, Letteratura, ...)","","","No","No","","20"
"2019/03/15 1:00:50 PM GMT-5","Italiano","","","","","Maschio","19","Europa Meridionale (Grecia, Italia, Portogallo, Spagna, ...)","Sì","","Scientifico (Ingegneria, Matematica, Medicina...)","","","No","No","","50"
"2019/03/15 1:02:33 PM GMT-5","English","Male","22","Asia","Yes","","","","","Scientific (Engineering, Maths, Medicine...)","","No","Yes","","","3",""
"2019/03/15 1:05:24 PM GMT-5","English","Female","20","Southern Europe (Greece, Italy, Portugal, Spain, ...)","Yes","","","","","Scientific (Engineering, Maths, Medicine...)","","No","Yes","","","50",""
"2019/03/15 1:06:13 PM GMT-5","English","Female","21","Southern Europe (Greece, Italy, Portugal, Spain, ...)","Yes","","","","","Scientific (Engineering, Maths, Medicine...)","","No","No","","","13",""
"2019/03/15 1:06:29 PM GMT-5","English","Male","20","Eastern Europe (Czech Republic, Estonia, Hungary, Latvia, Lithuania, Russia, ... )","Yes","","","","","Scientific (Engineering, Maths, Medicine...)","","No","Yes","","","45",""
"2019/03/15 1:07:11 PM GMT-5","English","Male","21","Southern Europe (Greece, Italy, Portugal, Spain, ...)","Yes","","","","","Scientific (Engineering, Maths, Medicine...)","","No","Yes","","","20",""
"2019/03/15 1:10:57 PM GMT-5","Italiano","","","","","Femmina","21","Europa Orientale (Repubblica Ceca, Estonia, Ungheria, Lettonia, Lituania, Russia, ... )","Sì","","Scientifico (Ingegneria, Matematica, Medicina...)","","","No","No","","50"
"2019/03/15 1:12:34 PM GMT-5","English","Female","21","Eastern Europe (Czech Republic, Estonia, Hungary, Latvia, Lithuania, Russia, ... )","Yes","","","","","Scientific (Engineering, Maths, Medicine...)","","No","Yes","","","20",""
"2019/03/15 1:31:32 PM GMT-5","English","Female","20","Eastern Europe (Czech Republic, Estonia, Hungary, Latvia, Lithuania, Russia, ... )","Yes","","","","","Scientific (Engineering, Maths, Medicine...)","","No","Yes","","","100",""
"2019/03/15 1:33:22 PM GMT-5","English","Female","24","Asia","Yes","","","","","Humanistic (Languages, Law, Literature, ...)","","No","Yes","","","50",""
"2019/03/15 1:34:54 PM GMT-5","English","Female","22","Asia","Yes","","","","","Scientific (Engineering, Maths, Medicine...)","","No","No","","","20",""
"2019/03/15 1:45:06 PM GMT-5","Italiano","","","","","Femmina","16","Europa Meridionale (Grecia, Italia, Portogallo, Spagna, ...)","Sì","","Umanistico (Lingue, Legge, Letteratura, ...)","","","No","Sì","","50"
"2019/03/15 2:13:01 PM GMT-5","English","Male","20","Eastern Europe (Czech Republic, Estonia, Hungary, Latvia, Lithuania, Russia, ... )","Yes","","","","","Scientific (Engineering, Maths, Medicine...)","","No","Yes","","","10",""
"2019/03/15 3:07:49 PM GMT-5","English","Male","23","North America","Yes","","","","","Scientific (Engineering, Maths, Medicine...)","","No","Yes","","","40",""
"2019/03/15 3:39:15 PM GMT-5","English","Male","25","Asia","Yes","","","","","Scientific (Engineering, Maths, Medicine...)","","No","No","","","129",""
"2019/03/15 3:47:52 PM GMT-5","English","Female","20","Southern Europe (Greece, Italy, Portugal, Spain, ...)","Yes","","","","","Scientific (Engineering, Maths, Medicine...)","","No","Yes","","","45",""
"2019/03/15 3:50:47 PM GMT-5","English","Female","18","Africa","Yes","","","","","Scientific (Engineering, Maths, Medicine...)","","No","Yes","","","20",""
"2019/03/15 3:59:31 PM GMT-5","Italiano","","","","","Maschio","60","Europa Meridionale (Grecia, Italia, Portogallo, Spagna, ...)","No","","","","","Sì","Sì","","80 "
"2019/03/15 4:18:50 PM GMT-5","Italiano","","","","","Maschio","24","Europa Meridionale (Grecia, Italia, Portogallo, Spagna, ...)","Sì","","Scientifico (Ingegneria, Matematica, Medicina...)","","","No","Sì","","100"
"2019/03/15 4:21:53 PM GMT-5","English","Male","35","Asia","Yes","","","","","Scientific (Engineering, Maths, Medicine...)","","No","Yes","","","150",""
"2019/03/15 5:24:46 PM GMT-5","Italiano","","","","","Maschio","23","Europa Meridionale (Grecia, Italia, Portogallo, Spagna, ...)","Sì","","Scientifico (Ingegneria, Matematica, Medicina...)","","","Sì","No","","150"
"2019/03/15 5:48:02 PM GMT-5","English","Female","28","Asia","Yes","","","","","Scientific (Engineering, Maths, Medicine...)","","No","Yes","","","90",""
"2019/03/15 5:59:27 PM GMT-5","English","Female","30","Asia","Yes","","","","","Scientific (Engineering, Maths, Medicine...)","","No","Yes","","","90",""
"2019/03/15 6:13:32 PM GMT-5","Italiano","","","","","Femmina","58","Europa Meridionale (Grecia, Italia, Portogallo, Spagna, ...)","No","","","","","Sì","No","","150"
"2019/03/15 8:21:37 PM GMT-5","English","Male","25","Asia","Yes","","","","","Scientific (Engineering, Maths, Medicine...)","","No","No","","","20",""
"2019/03/16 3:50:29 AM GMT-5","Italiano","","","","","Femmina","17","Europa Meridionale (Grecia, Italia, Portogallo, Spagna, ...)","No","","","","","No","Sì","","50"
"2019/03/16 3:54:19 AM GMT-5","Italiano","","","","","Femmina","17","Europa Meridionale (Grecia, Italia, Portogallo, Spagna, ...)","Sì","","Umanistico (Lingue, Legge, Letteratura, ...)","","","No","No","","80"
"2019/03/16 3:57:52 AM GMT-5","Italiano","","","","","Femmina","18","Europa Meridionale (Grecia, Italia, Portogallo, Spagna, ...)","Sì","","Umanistico (Lingue, Legge, Letteratura, ...)","","","No","Sì","","100"
"2019/03/16 4:01:05 AM GMT-5","Italiano","","","","","Maschio","60","Europa Meridionale (Grecia, Italia, Portogallo, Spagna, ...)","No","","","","","No","Sì","","20"
"2019/03/16 4:03:19 AM GMT-5","Italiano","","","","","Maschio","72","Europa Meridionale (Grecia, Italia, Portogallo, Spagna, ...)","No","","","","","No","No","","35"
"2019/03/16 4:14:46 AM GMT-5","Italiano","","","","","Maschio","21","Europa Meridionale (Grecia, Italia, Portogallo, Spagna, ...)","Sì","","Scientifico (Ingegneria, Matematica, Medicina...)","","","No","Sì","","100 "
"2019/03/16 4:19:17 AM GMT-5","Italiano","","","","","Femmina","20","Europa Meridionale (Grecia, Italia, Portogallo, Spagna, ...)","Sì","","Umanistico (Lingue, Legge, Letteratura, ...)","","","No","Sì","","200"
"2019/03/16 4:27:37 AM GMT-5","Italiano","","","","","Femmina","21","Europa Meridionale (Grecia, Italia, Portogallo, Spagna, ...)","Sì","","Umanistico (Lingue, Legge, Letteratura, ...)","","","No","No","","250"
"2019/03/16 4:31:34 AM GMT-5","Italiano","","","","","Femmina","21 ","Europa Meridionale (Grecia, Italia, Portogallo, Spagna, ...)","No","","","","","Sì","No","","60"
"2019/03/16 4:35:01 AM GMT-5","Italiano","","","","","Femmina","21","Europa Meridionale (Grecia, Italia, Portogallo, Spagna, ...)","Sì","","Umanistico (Lingue, Legge, Letteratura, ...)","","","No","Sì","","200"
"2019/03/16 4:37:24 AM GMT-5","Italiano","","","","","Femmina","21","Europa Meridionale (Grecia, Italia, Portogallo, Spagna, ...)","Sì","","Artistico (Arti, Design, Architettura, ...)","","","No","No","","150"
"2019/03/16 4:38:45 AM GMT-5","Italiano","","","","","Femmina","21","Europa Meridionale (Grecia, Italia, Portogallo, Spagna, ...)","Sì","","Umanistico (Lingue, Legge, Letteratura, ...)","","","No","Sì","","300 "
"2019/03/16 4:43:38 AM GMT-5","Italiano","","","","","Femmina","21","Europa Meridionale (Grecia, Italia, Portogallo, Spagna, ...)","Sì","","Artistico (Arti, Design, Architettura, ...)","","","No","No","","300"
"2019/03/16 4:49:58 AM GMT-5","English","Female","22","Eastern Europe (Czech Republic, Estonia, Hungary, Latvia, Lithuania, Russia, ... )","Yes","","","","","Humanistic (Languages, Law, Literature, ...)","","No","No","","","1",""
"2019/03/16 4:55:32 AM GMT-5","Italiano","","","","","Maschio","20","Europa Meridionale (Grecia, Italia, Portogallo, Spagna, ...)","Sì","","Umanistico (Lingue, Legge, Letteratura, ...)","","","No","No","","100"
"2019/03/16 4:57:39 AM GMT-5","Italiano","","","","","Maschio","20","Europa Meridionale (Grecia, Italia, Portogallo, Spagna, ...)","Sì","","Scientifico (Ingegneria, Matematica, Medicina...)","","","No","Sì","","150"
"2019/03/16 5:17:12 AM GMT-5","Italiano","","","","","Femmina","22","Europa Occidentale (Austria, Belgio, Francia, Germania, Paesi Bassi, Svizzera, ...)","Sì","","Umanistico (Lingue, Legge, Letteratura, ...)","","","No","Sì","","90"
"2019/03/16 5:27:39 AM GMT-5","Italiano","","","","","Femmina","20 ","Europa Meridionale (Grecia, Italia, Portogallo, Spagna, ...)","Sì","","Umanistico (Lingue, Legge, Letteratura, ...)","","","No","No","","100"
"2019/03/16 5:27:50 AM GMT-5","English","Female","27","Asia","Yes","","","","","Scientific (Engineering, Maths, Medicine...)","","No","No","","","100",""
"2019/03/16 5:28:43 AM GMT-5","Italiano","","","","","Maschio","23","Europa Meridionale (Grecia, Italia, Portogallo, Spagna, ...)","Sì","","Scientifico (Ingegneria, Matematica, Medicina...)","","","No","No","","10"
"2019/03/16 5:34:53 AM GMT-5","Italiano","","","","","Maschio","21","Europa Meridionale (Grecia, Italia, Portogallo, Spagna, ...)","Sì","","Artistico (Arti, Design, Architettura, ...)","","","No","No","","300"
"2019/03/16 5:36:18 AM GMT-5","Italiano","","","","","Maschio","29","Europa Meridionale (Grecia, Italia, Portogallo, Spagna, ...)","No","","","","","Sì","No","","250"
"2019/03/16 5:40:31 AM GMT-5","Italiano","","","","","Femmina","20","Europa Meridionale (Grecia, Italia, Portogallo, Spagna, ...)","Sì","","Artistico (Arti, Design, Architettura, ...)","","","No","No","","150"
"2019/03/16 5:51:19 AM GMT-5","Italiano","","","","","Femmina","52","Europa Meridionale (Grecia, Italia, Portogallo, Spagna, ...)","No","","","","","No","No","","100"
"2019/03/16 5:53:50 AM GMT-5","Italiano","","","","","Femmina","25","Europa Orientale (Repubblica Ceca, Estonia, Ungheria, Lettonia, Lituania, Russia, ... )","Sì","","Umanistico (Lingue, Legge, Letteratura, ...)","","","Sì","Sì","","50"
"2019/03/16 5:53:59 AM GMT-5","Italiano","","","","","Femmina","20","Europa Meridionale (Grecia, Italia, Portogallo, Spagna, ...)","Sì","","Umanistico (Lingue, Legge, Letteratura, ...)","","","Sì","Sì","","200"
"2019/03/16 5:55:49 AM GMT-5","Italiano","","","","","Femmina","21","Europa Meridionale (Grecia, Italia, Portogallo, Spagna, ...)","Sì","","Umanistico (Lingue, Legge, Letteratura, ...)","","","No","Sì","","100"
"2019/03/16 5:56:32 AM GMT-5","Italiano","","","","","Femmina","20","Europa Meridionale (Grecia, Italia, Portogallo, Spagna, ...)","Sì","","Umanistico (Lingue, Legge, Letteratura, ...)","","","No","Sì","","150"
"2019/03/16 5:56:48 AM GMT-5","Italiano","","","","","Femmina","21","Europa Meridionale (Grecia, Italia, Portogallo, Spagna, ...)","Sì","","Artistico (Arti, Design, Architettura, ...)","","","No","Sì","","80"
"2019/03/16 5:57:17 AM GMT-5","Italiano","","","","","Femmina","21","Europa Meridionale (Grecia, Italia, Portogallo, Spagna, ...)","Sì","","Umanistico (Lingue, Legge, Letteratura, ...)","","","No","Sì","","150"
"2019/03/16 5:57:43 AM GMT-5","Italiano","","","","","Femmina","21","Europa Meridionale (Grecia, Italia, Portogallo, Spagna, ...)","Sì","","Scientifico (Ingegneria, Matematica, Medicina...)","","","No","No","","50"
"2019/03/16 5:57:48 AM GMT-5","Italiano","","","","","Femmina","20","Europa Meridionale (Grecia, Italia, Portogallo, Spagna, ...)","Sì","","Umanistico (Lingue, Legge, Letteratura, ...)","","","No","Sì","","100"
"2019/03/16 5:58:16 AM GMT-5","English","Female","20","Southern Europe (Greece, Italy, Portugal, Spain, ...)","Yes","","","","","Humanistic (Languages, Law, Literature, ...)","","Yes","Yes","","","150",""
"2019/03/16 5:58:23 AM GMT-5","Italiano","","","","","Femmina","20","Europa Meridionale (Grecia, Italia, Portogallo, Spagna, ...)","Sì","","Umanistico (Lingue, Legge, Letteratura, ...)","","","Sì","No","","120"
"2019/03/16 5:59:14 AM GMT-5","Italiano","","","","","Femmina","20","Europa Meridionale (Grecia, Italia, Portogallo, Spagna, ...)","Sì","","Umanistico (Lingue, Legge, Letteratura, ...)","","","No","No","","60"
"2019/03/16 5:59:33 AM GMT-5","Italiano","","","","","Femmina","21","Europa Meridionale (Grecia, Italia, Portogallo, Spagna, ...)","No","","","","","No","Sì","","100"
"2019/03/16 6:00:34 AM GMT-5","Italiano","","","","","Femmina","20","Europa Meridionale (Grecia, Italia, Portogallo, Spagna, ...)","Sì","","Umanistico (Lingue, Legge, Letteratura, ...)","","","No","No","","75"
"2019/03/16 6:02:14 AM GMT-5","Italiano","","","","","Femmina","20","Europa Meridionale (Grecia, Italia, Portogallo, Spagna, ...)","Sì","","Umanistico (Lingue, Legge, Letteratura, ...)","","","Sì","Sì","","120"
"2019/03/16 6:02:48 AM GMT-5","Italiano","","","","","Femmina","24","Europa Meridionale (Grecia, Italia, Portogallo, Spagna, ...)","Sì","","Scientifico (Ingegneria, Matematica, Medicina...)","","","Sì","Sì","","175"
"2019/03/16 6:03:26 AM GMT-5","Italiano","","","","","Femmina","21","Europa Meridionale (Grecia, Italia, Portogallo, Spagna, ...)","Sì","","Scientifico (Ingegneria, Matematica, Medicina...)","","","No","No","","80 "
"2019/03/16 6:04:54 AM GMT-5","Italiano","","","","","Femmina","21","Europa Meridionale (Grecia, Italia, Portogallo, Spagna, ...)","Sì","","Umanistico (Lingue, Legge, Letteratura, ...)","","","No","No","","80"
"2019/03/16 6:05:57 AM GMT-5","Italiano","","","","","Femmina","23","Europa Meridionale (Grecia, Italia, Portogallo, Spagna, ...)","Sì","","Scientifico (Ingegneria, Matematica, Medicina...)","","","No","No","","80"
"2019/03/16 6:06:21 AM GMT-5","Italiano","","","","","Maschio","21","Europa Meridionale (Grecia, Italia, Portogallo, Spagna, ...)","Sì","","Umanistico (Lingue, Legge, Letteratura, ...)","","","No","Sì","","200"
"2019/03/16 6:06:31 AM GMT-5","Italiano","","","","","Maschio","21","Europa Meridionale (Grecia, Italia, Portogallo, Spagna, ...)","Sì","","Scientifico (Ingegneria, Matematica, Medicina...)","","","No","Sì","","200"
"2019/03/16 6:09:26 AM GMT-5","Italiano","","","","","Femmina","20","Europa Meridionale (Grecia, Italia, Portogallo, Spagna, ...)","Sì","","Umanistico (Lingue, Legge, Letteratura, ...)","","","No","No","","400"
"2019/03/16 6:10:39 AM GMT-5","Italiano","","","","","Femmina","39","Europa Meridionale (Grecia, Italia, Portogallo, Spagna, ...)","Sì","","Scientifico (Ingegneria, Matematica, Medicina...)","","","Sì","No","","200"
"2019/03/16 6:12:36 AM GMT-5","Italiano","","","","","Femmina","21","Europa Meridionale (Grecia, Italia, Portogallo, Spagna, ...)","Sì","","Umanistico (Lingue, Legge, Letteratura, ...)","","","No","No","","80"
"2019/03/16 6:13:09 AM GMT-5","Italiano","","","","","Femmina","20","Europa Meridionale (Grecia, Italia, Portogallo, Spagna, ...)","Sì","","Umanistico (Lingue, Legge, Letteratura, ...)","","","No","No","","200"
"2019/03/16 6:13:20 AM GMT-5","Italiano","","","","","Maschio","35","Europa Meridionale (Grecia, Italia, Portogallo, Spagna, ...)","Sì","","Scientifico (Ingegneria, Matematica, Medicina...)","","","Sì","No","","300"
"2019/03/16 6:18:25 AM GMT-5","Italiano","","","","","Femmina","20","Europa Meridionale (Grecia, Italia, Portogallo, Spagna, ...)","Sì","","Umanistico (Lingue, Legge, Letteratura, ...)","","","Sì","No","","160"
"2019/03/16 6:18:29 AM GMT-5","Italiano","","","","","Femmina","20","Europa Meridionale (Grecia, Italia, Portogallo, Spagna, ...)","Sì","","Umanistico (Lingue, Legge, Letteratura, ...)","","","Sì","Sì","","80"
"2019/03/16 6:20:10 AM GMT-5","Italiano","","","","","Femmina","21","Europa Meridionale (Grecia, Italia, Portogallo, Spagna, ...)","Sì","","Umanistico (Lingue, Legge, Letteratura, ...)","","","No","No","","120"
"2019/03/16 6:21:38 AM GMT-5","Italiano","","","","","Maschio","24","Europa Meridionale (Grecia, Italia, Portogallo, Spagna, ...)","Sì","","Scientifico (Ingegneria, Matematica, Medicina...)","","","No","No","","180"
"2019/03/16 6:21:41 AM GMT-5","Italiano","","","","","Femmina","20","Europa Meridionale (Grecia, Italia, Portogallo, Spagna, ...)","Sì","","Umanistico (Lingue, Legge, Letteratura, ...)","","","No","No","","50"
"2019/03/16 6:24:41 AM GMT-5","Italiano","","","","","Femmina","23","Europa Meridionale (Grecia, Italia, Portogallo, Spagna, ...)","Sì","","Artistico (Arti, Design, Architettura, ...)","","","No","No","","120"
"2019/03/16 6:33:12 AM GMT-5","Italiano","","","","","Femmina","54","Europa Meridionale (Grecia, Italia, Portogallo, Spagna, ...)","Sì","","Umanistico (Lingue, Legge, Letteratura, ...)","","","Sì","No","","150"
"2019/03/16 6:34:50 AM GMT-5","Italiano","","","","","Femmina","21","Europa Meridionale (Grecia, Italia, Portogallo, Spagna, ...)","Sì","","Umanistico (Lingue, Legge, Letteratura, ...)","","","Sì","Sì","","170"
"2019/03/16 6:35:41 AM GMT-5","Italiano","","","","","Femmina","20","Europa Meridionale (Grecia, Italia, Portogallo, Spagna, ...)","Sì","","Scientifico (Ingegneria, Matematica, Medicina...)","","","No","No","","70"
"2019/03/16 6:38:07 AM GMT-5","Italiano","","","","","Femmina","21","Europa Meridionale (Grecia, Italia, Portogallo, Spagna, ...)","Sì","","Umanistico (Lingue, Legge, Letteratura, ...)","","","No","Sì","","50"
"2019/03/16 7:00:27 AM GMT-5","Italiano","","","","","Femmina","21","Europa Meridionale (Grecia, Italia, Portogallo, Spagna, ...)","Sì","","Scientifico (Ingegneria, Matematica, Medicina...)","","","No","No","","250"
"2019/03/16 7:01:01 AM GMT-5","Italiano","","","","","Maschio","24","Europa Meridionale (Grecia, Italia, Portogallo, Spagna, ...)","Sì","","Artistico (Arti, Design, Architettura, ...)","","","No","Sì","","100"
"2019/03/16 7:05:27 AM GMT-5","Italiano","","","","","Femmina","18 ","Europa Meridionale (Grecia, Italia, Portogallo, Spagna, ...)","No","","","","","No","No","","150"
"2019/03/16 7:07:55 AM GMT-5","Italiano","","","","","Femmina","15","Europa Meridionale (Grecia, Italia, Portogallo, Spagna, ...)","No","","","","","No","No","","200"
"2019/03/16 7:07:58 AM GMT-5","Italiano","","","","","Femmina","17","Europa Meridionale (Grecia, Italia, Portogallo, Spagna, ...)","Sì","","Umanistico (Lingue, Legge, Letteratura, ...)","","","No","No","","50"
"2019/03/16 7:12:43 AM GMT-5","Italiano","","","","","Femmina","25","Europa Orientale (Repubblica Ceca, Estonia, Ungheria, Lettonia, Lituania, Russia, ... )","Sì","","Artistico (Arti, Design, Architettura, ...)","","","Sì","No","","150"
"2019/03/16 7:12:57 AM GMT-5","Italiano","","","","","Femmina","21","Europa Meridionale (Grecia, Italia, Portogallo, Spagna, ...)","No","","","","","Sì","No","","120"
"2019/03/16 7:13:44 AM GMT-5","Italiano","","","","","Maschio","22","Europa Meridionale (Grecia, Italia, Portogallo, Spagna, ...)","Sì","","Artistico (Arti, Design, Architettura, ...)","","","Sì","No","","60"
"2019/03/16 7:13:49 AM GMT-5","Italiano","","","","","Femmina","21","Europa Meridionale (Grecia, Italia, Portogallo, Spagna, ...)","Sì","","Umanistico (Lingue, Legge, Letteratura, ...)","","","No","Sì","","90"
"2019/03/16 7:18:26 AM GMT-5","Italiano","","","","","Maschio","22","Europa Meridionale (Grecia, Italia, Portogallo, Spagna, ...)","Sì","","Scientifico (Ingegneria, Matematica, Medicina...)","","","No","Sì","","200"
"2019/03/16 7:20:26 AM GMT-5","Italiano","","","","","Femmina","21","Europa Meridionale (Grecia, Italia, Portogallo, Spagna, ...)","Sì","","Umanistico (Lingue, Legge, Letteratura, ...)","","","Sì","Sì","","300"
"2019/03/16 7:20:33 AM GMT-5","Italiano","","","","","Femmina","25","Europa Meridionale (Grecia, Italia, Portogallo, Spagna, ...)","Sì","","Umanistico (Lingue, Legge, Letteratura, ...)","","","No","Sì","","150"
"2019/03/16 7:23:03 AM GMT-5","Italiano","","","","","Femmina","21","Europa Meridionale (Grecia, Italia, Portogallo, Spagna, ...)","No","","","","","Sì","Sì","","200"
"2019/03/16 7:25:08 AM GMT-5","Italiano","","","","","Femmina","42","Europa Meridionale (Grecia, Italia, Portogallo, Spagna, ...)","No","","","","","Sì","No","","60"
"2019/03/16 7:28:03 AM GMT-5","Italiano","","","","","Femmina","24","Europa Meridionale (Grecia, Italia, Portogallo, Spagna, ...)","Sì","","Umanistico (Lingue, Legge, Letteratura, ...)","","","No","No","","200"
"2019/03/16 7:28:26 AM GMT-5","Italiano","","","","","Maschio","27","Europa Orientale (Repubblica Ceca, Estonia, Ungheria, Lettonia, Lituania, Russia, ... )","No","","","","","Sì","Sì","","20"
"2019/03/16 7:29:16 AM GMT-5","Italiano","","","","","Femmina","21","Europa Meridionale (Grecia, Italia, Portogallo, Spagna, ...)","Sì","","Umanistico (Lingue, Legge, Letteratura, ...)","","","Sì","Sì","","120"
"2019/03/16 7:30:15 AM GMT-5","Italiano","","","","","Maschio","27","Europa Orientale (Repubblica Ceca, Estonia, Ungheria, Lettonia, Lituania, Russia, ... )","No","","","","","Sì","Sì","","20"
"2019/03/16 7:33:37 AM GMT-5","Italiano","","","","","Femmina","21","Europa Meridionale (Grecia, Italia, Portogallo, Spagna, ...)","Sì","","Umanistico (Lingue, Legge, Letteratura, ...)","","","Sì","Sì","","300"
"2019/03/16 7:34:31 AM GMT-5","Italiano","","","","","Femmina","21","Europa Meridionale (Grecia, Italia, Portogallo, Spagna, ...)","Sì","","Artistico (Arti, Design, Architettura, ...)","","","No","Sì","","100"
"2019/03/16 7:35:00 AM GMT-5","Italiano","","","","","Femmina","47","Europa Meridionale (Grecia, Italia, Portogallo, Spagna, ...)","Sì","","Scientifico (Ingegneria, Matematica, Medicina...)","","","No","Sì","","100"
"2019/03/16 7:36:08 AM GMT-5","Italiano","","","","","Maschio","22","Europa Orientale (Repubblica Ceca, Estonia, Ungheria, Lettonia, Lituania, Russia, ... )","Sì","","Artistico (Arti, Design, Architettura, ...)","","","Sì","Sì","","2"
"2019/03/16 7:41:39 AM GMT-5","Italiano","","","","","Femmina","20 ","Europa Meridionale (Grecia, Italia, Portogallo, Spagna, ...)","Sì","","Umanistico (Lingue, Legge, Letteratura, ...)","","","No","Sì","","150"
"2019/03/16 7:42:04 AM GMT-5","Italiano","","","","","Maschio","21","Europa Meridionale (Grecia, Italia, Portogallo, Spagna, ...)","Sì","","Artistico (Arti, Design, Architettura, ...)","","","Sì","Sì","","100"
"2019/03/16 7:44:05 AM GMT-5","Italiano","","","","","Maschio","21","Europa Meridionale (Grecia, Italia, Portogallo, Spagna, ...)","Sì","","Scientifico (Ingegneria, Matematica, Medicina...)","","","Sì","No","","150"
"2019/03/16 7:48:47 AM GMT-5","Italiano","","","","","Femmina","23","Europa Meridionale (Grecia, Italia, Portogallo, Spagna, ...)","Sì","","Artistico (Arti, Design, Architettura, ...)","","","Sì","No","","75"
"2019/03/16 7:51:58 AM GMT-5","Italiano","","","","","Maschio","22","Europa Meridionale (Grecia, Italia, Portogallo, Spagna, ...)","Sì","","Umanistico (Lingue, Legge, Letteratura, ...)","","","Sì","Sì","","150"
"2019/03/16 8:02:37 AM GMT-5","Italiano","","","","","Femmina","27","Europa Meridionale (Grecia, Italia, Portogallo, Spagna, ...)","No","","","","","No","Sì","","15"
"2019/03/16 8:03:03 AM GMT-5","Italiano","","","","","Femmina","21","Europa Meridionale (Grecia, Italia, Portogallo, Spagna, ...)","Sì","","Scientifico (Ingegneria, Matematica, Medicina...)","","","No","No","","120"
"2019/03/16 8:11:18 AM GMT-5","Italiano","","","","","Maschio","37","Europa Meridionale (Grecia, Italia, Portogallo, Spagna, ...)","Sì","","Scientifico (Ingegneria, Matematica, Medicina...)","","","Sì","No","","200"
"2019/03/16 8:11:59 AM GMT-5","Italiano","","","","","Maschio","23","Europa Meridionale (Grecia, Italia, Portogallo, Spagna, ...)","Sì","","Scientifico (Ingegneria, Matematica, Medicina...)","","","No","No","","250"
"2019/03/16 8:14:45 AM GMT-5","Italiano","","","","","Femmina","51","Europa Meridionale (Grecia, Italia, Portogallo, Spagna, ...)","No","","","","","Sì","No","","50"
"2019/03/16 8:17:53 AM GMT-5","Italiano","","","","","Femmina","19","Europa Meridionale (Grecia, Italia, Portogallo, Spagna, ...)","Sì","","Scientifico (Ingegneria, Matematica, Medicina...)","","","Sì","Sì","","100"
"2019/03/16 9:20:50 AM GMT-5","Italiano","","","","","Femmina","22","Europa Meridionale (Grecia, Italia, Portogallo, Spagna, ...)","No","","","","","Sì","No","","20"
"2019/03/16 10:28:07 AM GMT-5","Italiano","","","","","Maschio","25","Europa Meridionale (Grecia, Italia, Portogallo, Spagna, ...)","Sì","","Scientifico (Ingegneria, Matematica, Medicina...)","","","No","No","","150"
"2019/03/16 10:44:53 AM GMT-5","Italiano","","","","","Maschio","22","Europa Meridionale (Grecia, Italia, Portogallo, Spagna, ...)","Sì","","Scientifico (Ingegneria, Matematica, Medicina...)","","","Sì","Sì","","50"
"2019/03/16 10:53:42 AM GMT-5","Italiano","","","","","Maschio","58","Europa Meridionale (Grecia, Italia, Portogallo, Spagna, ...)","No","","","","","Sì","No","","100"
"2019/03/16 11:02:41 AM GMT-5","Italiano","","","","","Maschio","23","Europa Meridionale (Grecia, Italia, Portogallo, Spagna, ...)","Sì","","Scientifico (Ingegneria, Matematica, Medicina...)","","","No","No","","70"
"2019/03/16 11:16:10 AM GMT-5","Italiano","","","","","Maschio","23","Europa Meridionale (Grecia, Italia, Portogallo, Spagna, ...)","Sì","","Umanistico (Lingue, Legge, Letteratura, ...)","","","Sì","No","","150"
"2019/03/16 11:32:25 AM GMT-5","Italiano","","","","","Maschio","21","Europa Meridionale (Grecia, Italia, Portogallo, Spagna, ...)","Sì","","Umanistico (Lingue, Legge, Letteratura, ...)","","","Sì","Sì","","50"
"2019/03/16 11:47:18 AM GMT-5","Italiano","","","","","Femmina","52","Europa Meridionale (Grecia, Italia, Portogallo, Spagna, ...)","Sì","","Artistico (Arti, Design, Architettura, ...)","","","Sì","No","","150"
"2019/03/16 11:58:58 AM GMT-5","Italiano","","","","","Maschio","23","Europa Meridionale (Grecia, Italia, Portogallo, Spagna, ...)","Sì","","Scientifico (Ingegneria, Matematica, Medicina...)","","","No","No","","40"
"2019/03/16 12:04:02 PM GMT-5","Italiano","","","","","Femmina","23","Europa Meridionale (Grecia, Italia, Portogallo, Spagna, ...)","Sì","","Umanistico (Lingue, Legge, Letteratura, ...)","","","No","No","","70"
"2019/03/16 12:08:00 PM GMT-5","Italiano","","","","","Femmina","23","Europa Meridionale (Grecia, Italia, Portogallo, Spagna, ...)","Sì","","Umanistico (Lingue, Legge, Letteratura, ...)","","","Sì","Sì","","60"
"2019/03/16 12:10:40 PM GMT-5","Italiano","","","","","Maschio","21","Europa Meridionale (Grecia, Italia, Portogallo, Spagna, ...)","Sì","","Scientifico (Ingegneria, Matematica, Medicina...)","","","No","Sì","","25"
"2019/03/16 12:12:27 PM GMT-5","Italiano","","","","","Femmina","20","Europa Meridionale (Grecia, Italia, Portogallo, Spagna, ...)","Sì","","Scientifico (Ingegneria, Matematica, Medicina...)","","","No","No","","400"
"2019/03/16 12:15:18 PM GMT-5","Italiano","","","","","Femmina","20","Europa Meridionale (Grecia, Italia, Portogallo, Spagna, ...)","Sì","","Umanistico (Lingue, Legge, Letteratura, ...)","","","No","Sì","","120"
"2019/03/16 12:18:59 PM GMT-5","Italiano","","","","","Femmina","24","Europa Meridionale (Grecia, Italia, Portogallo, Spagna, ...)","Sì","","Umanistico (Lingue, Legge, Letteratura, ...)","","","No","No","","50"
"2019/03/16 12:20:09 PM GMT-5","Italiano","","","","","Femmina","23","Europa Meridionale (Grecia, Italia, Portogallo, Spagna, ...)","Sì","","Umanistico (Lingue, Legge, Letteratura, ...)","","","No","No","","100"
"2019/03/16 12:22:11 PM GMT-5","Italiano","","","","","Femmina","23","Europa Meridionale (Grecia, Italia, Portogallo, Spagna, ...)","Sì","","Umanistico (Lingue, Legge, Letteratura, ...)","","","No","Sì","","200"
"2019/03/16 12:26:26 PM GMT-5","Italiano","","","","","Femmina","23","Europa Meridionale (Grecia, Italia, Portogallo, Spagna, ...)","Sì","","Umanistico (Lingue, Legge, Letteratura, ...)","","","No","No","","70 "
"2019/03/16 12:28:20 PM GMT-5","Italiano","","","","","Femmina","23","Europa Meridionale (Grecia, Italia, Portogallo, Spagna, ...)","Sì","","Umanistico (Lingue, Legge, Letteratura, ...)","","","No","No","","100"
"2019/03/16 12:40:17 PM GMT-5","English","Female","25","Asia","Yes","","","","","Scientific (Engineering, Maths, Medicine...)","","No","No","","","80",""
"2019/03/16 12:45:56 PM GMT-5","Italiano","","","","","Femmina","23","Europa Meridionale (Grecia, Italia, Portogallo, Spagna, ...)","Sì","","Umanistico (Lingue, Legge, Letteratura, ...)","","","No","Sì","","60 "
"2019/03/16 12:46:43 PM GMT-5","Italiano","","","","","Femmina","51","Europa Meridionale (Grecia, Italia, Portogallo, Spagna, ...)","No","","","","","No","Sì","","50"
"2019/03/16 12:47:56 PM GMT-5","Italiano","","","","","Femmina","23","Europa Meridionale (Grecia, Italia, Portogallo, Spagna, ...)","Sì","","Umanistico (Lingue, Legge, Letteratura, ...)","","","No","No","","75"
"2019/03/16 1:03:28 PM GMT-5","Italiano","","","","","Femmina","22","Europa Meridionale (Grecia, Italia, Portogallo, Spagna, ...)","Sì","","Scientifico (Ingegneria, Matematica, Medicina...)","","","No","Sì","","200"
"2019/03/16 1:03:41 PM GMT-5","Italiano","","","","","Femmina","20","Europa Meridionale (Grecia, Italia, Portogallo, Spagna, ...)","Sì","","Scientifico (Ingegneria, Matematica, Medicina...)","","","No","No","","180"
"2019/03/16 1:04:01 PM GMT-5","Italiano","","","","","Femmina","24","Europa Meridionale (Grecia, Italia, Portogallo, Spagna, ...)","Sì","","Umanistico (Lingue, Legge, Letteratura, ...)","","","No","No","","100"
"2019/03/16 1:04:18 PM GMT-5","Italiano","","","","","Femmina","25","Europa Meridionale (Grecia, Italia, Portogallo, Spagna, ...)","Sì","","Umanistico (Lingue, Legge, Letteratura, ...)","","","No","No","","50"
"2019/03/16 1:04:28 PM GMT-5","Italiano","","","","","Femmina","55 ","Europa Meridionale (Grecia, Italia, Portogallo, Spagna, ...)","No","","","","","Sì","No","","200"
"2019/03/16 1:06:38 PM GMT-5","Italiano","","","","","Femmina","40","Europa Meridionale (Grecia, Italia, Portogallo, Spagna, ...)","No","","","","","Sì","No","","50"
"2019/03/16 1:12:42 PM GMT-5","Italiano","","","","","Femmina","21","Europa Meridionale (Grecia, Italia, Portogallo, Spagna, ...)","Sì","","Scientifico (Ingegneria, Matematica, Medicina...)","","","Sì","No","","45"
"2019/03/16 1:17:35 PM GMT-5","Italiano","","","","","Maschio","21","Europa Meridionale (Grecia, Italia, Portogallo, Spagna, ...)","Sì","","Scientifico (Ingegneria, Matematica, Medicina...)","","","No","No","","450"
"2019/03/16 1:17:40 PM GMT-5","Italiano","","","","","Femmina","18","Europa Meridionale (Grecia, Italia, Portogallo, Spagna, ...)","No","","","","","No","Sì","","70"
"2019/03/16 1:17:53 PM GMT-5","Italiano","","","","","Femmina","21","Europa Meridionale (Grecia, Italia, Portogallo, Spagna, ...)","Sì","","Artistico (Arti, Design, Architettura, ...)","","","No","Sì","","80"
"2019/03/16 1:31:39 PM GMT-5","Italiano","","","","","Femmina","23","Europa Meridionale (Grecia, Italia, Portogallo, Spagna, ...)","Sì","","Scientifico (Ingegneria, Matematica, Medicina...)","","","No","Sì","","200"
"2019/03/16 1:32:17 PM GMT-5","Italiano","","","","","Maschio","24","Europa Meridionale (Grecia, Italia, Portogallo, Spagna, ...)","Sì","","Umanistico (Lingue, Legge, Letteratura, ...)","","","No","No","","40"
"2019/03/16 1:36:08 PM GMT-5","Italiano","","","","","Femmina","25","Europa Meridionale (Grecia, Italia, Portogallo, Spagna, ...)","Sì","","Umanistico (Lingue, Legge, Letteratura, ...)","","","No","Sì","","30"
"2019/03/16 1:38:38 PM GMT-5","Italiano","","","","","Femmina","23","Europa Meridionale (Grecia, Italia, Portogallo, Spagna, ...)","Sì","","Umanistico (Lingue, Legge, Letteratura, ...)","","","No","Sì","","100"
"2019/03/16 1:43:09 PM GMT-5","English","Male","21","Western Europe (Austria, Belgium, France, Germany, Netherlands, Switzerland, ...)","Yes","","","","","Scientific (Engineering, Maths, Medicine...)","","No","Yes","","","40",""
"2019/03/16 1:45:39 PM GMT-5","Italiano","","","","","Femmina","18","Europa Occidentale (Austria, Belgio, Francia, Germania, Paesi Bassi, Svizzera, ...)","Sì","","Scientifico (Ingegneria, Matematica, Medicina...)","","","No","No","","30"
"2019/03/16 1:50:10 PM GMT-5","Italiano","","","","","Maschio","23","Europa Meridionale (Grecia, Italia, Portogallo, Spagna, ...)","Sì","","Umanistico (Lingue, Legge, Letteratura, ...)","","","No","No","","100"
"2019/03/16 1:52:41 PM GMT-5","Italiano","","","","","Femmina","32","Europa Meridionale (Grecia, Italia, Portogallo, Spagna, ...)","Sì","","Umanistico (Lingue, Legge, Letteratura, ...)","","","No","Sì","","150"
"2019/03/16 2:01:10 PM GMT-5","Italiano","","","","","Femmina","26","Europa Meridionale (Grecia, Italia, Portogallo, Spagna, ...)","Sì","","Umanistico (Lingue, Legge, Letteratura, ...)","","","No","No","","50"
"2019/03/16 2:09:33 PM GMT-5","Italiano","","","","","Femmina","50","Europa Meridionale (Grecia, Italia, Portogallo, Spagna, ...)","No","","","","","Sì","No","","100"
"2019/03/16 2:15:40 PM GMT-5","Italiano","","","","","Femmina","47 ","Europa Meridionale (Grecia, Italia, Portogallo, Spagna, ...)","No","","","","","Sì","Sì","","120.00"
"2019/03/16 2:16:04 PM GMT-5","Italiano","","","","","Femmina","20","Europa Meridionale (Grecia, Italia, Portogallo, Spagna, ...)","Sì","","Scientifico (Ingegneria, Matematica, Medicina...)","","","No","No","","110"
"2019/03/16 2:25:04 PM GMT-5","Italiano","","","","","Femmina","47","Europa Meridionale (Grecia, Italia, Portogallo, Spagna, ...)","No","","","","","Sì","Sì","","60"
"2019/03/16 2:30:51 PM GMT-5","Italiano","","","","","Femmina","51","Europa Meridionale (Grecia, Italia, Portogallo, Spagna, ...)","Sì","","Scientifico (Ingegneria, Matematica, Medicina...)","","","Sì","No","","100"
"2019/03/16 2:31:38 PM GMT-5","Italiano","","","","","Femmina","20","Europa Meridionale (Grecia, Italia, Portogallo, Spagna, ...)","Sì","","Scientifico (Ingegneria, Matematica, Medicina...)","","","No","Sì","","60"
"2019/03/16 2:36:31 PM GMT-5","Italiano","","","","","Femmina","53","Europa Meridionale (Grecia, Italia, Portogallo, Spagna, ...)","No","","","","","Sì","Sì","","150"
"2019/03/16 2:40:19 PM GMT-5","Italiano","","","","","Femmina","23","Europa Meridionale (Grecia, Italia, Portogallo, Spagna, ...)","Sì","","Umanistico (Lingue, Legge, Letteratura, ...)","","","No","No","","200"
"2019/03/16 2:40:39 PM GMT-5","Italiano","","","","","Maschio","23","Europa Meridionale (Grecia, Italia, Portogallo, Spagna, ...)","Sì","","Scientifico (Ingegneria, Matematica, Medicina...)","","","No","No","","50"
"2019/03/16 2:41:09 PM GMT-5","Italiano","","","","","Femmina","35","Europa Meridionale (Grecia, Italia, Portogallo, Spagna, ...)","No","","","","","Sì","No","","50"
"2019/03/16 2:45:07 PM GMT-5","Italiano","","","","","Femmina","32","Europa Meridionale (Grecia, Italia, Portogallo, Spagna, ...)","Sì","","Umanistico (Lingue, Legge, Letteratura, ...)","","","No","Sì","","80"
"2019/03/16 2:48:45 PM GMT-5","Italiano","","","","","Femmina","23","Europa Meridionale (Grecia, Italia, Portogallo, Spagna, ...)","Sì","","Umanistico (Lingue, Legge, Letteratura, ...)","","","No","No","","50"
"2019/03/16 3:09:10 PM GMT-5","Italiano","","","","","Femmina","31","Europa Meridionale (Grecia, Italia, Portogallo, Spagna, ...)","Sì","","Umanistico (Lingue, Legge, Letteratura, ...)","","","Sì","Sì","","120"
"2019/03/16 3:15:22 PM GMT-5","Italiano","","","","","Femmina","60","Europa Meridionale (Grecia, Italia, Portogallo, Spagna, ...)","No","","","","","Sì","Sì","","100"
"2019/03/16 3:20:01 PM GMT-5","Italiano","","","","","Femmina","24","Europa Orientale (Repubblica Ceca, Estonia, Ungheria, Lettonia, Lituania, Russia, ... )","Sì","","Scientifico (Ingegneria, Matematica, Medicina...)","","","No","No","","90"
"2019/03/16 3:20:22 PM GMT-5","Italiano","","","","","Femmina","45","Europa Meridionale (Grecia, Italia, Portogallo, Spagna, ...)","No","","","","","Sì","No","","100"
"2019/03/16 3:36:00 PM GMT-5","English","Female","23","Southern Europe (Greece, Italy, Portugal, Spain, ...)","Yes","","","","","Humanistic (Languages, Law, Literature, ...)","","Yes","Yes","","","230",""
"2019/03/16 3:57:13 PM GMT-5","Italiano","","","","","Femmina","38","Europa Meridionale (Grecia, Italia, Portogallo, Spagna, ...)","Sì","","Umanistico (Lingue, Legge, Letteratura, ...)","","","No","No","","50"
"2019/03/16 4:02:51 PM GMT-5","Italiano","","","","","Maschio","18","Europa Meridionale (Grecia, Italia, Portogallo, Spagna, ...)","Sì","","Scientifico (Ingegneria, Matematica, Medicina...)","","","Sì","Sì","","230"
"2019/03/16 4:04:20 PM GMT-5","Italiano","","","","","Femmina","22","Europa Meridionale (Grecia, Italia, Portogallo, Spagna, ...)","Sì","","Umanistico (Lingue, Legge, Letteratura, ...)","","","No","Sì","","90"
"2019/03/16 4:09:27 PM GMT-5","Italiano","","","","","Maschio","28","Europa Meridionale (Grecia, Italia, Portogallo, Spagna, ...)","No","","","","","Sì","No","","100"
"2019/03/16 4:22:46 PM GMT-5","Italiano","","","","","Femmina","19","Europa Meridionale (Grecia, Italia, Portogallo, Spagna, ...)","Sì","","Umanistico (Lingue, Legge, Letteratura, ...)","","","No","No","","150"
"2019/03/16 4:25:17 PM GMT-5","Italiano","","","","","Femmina","19","Europa Meridionale (Grecia, Italia, Portogallo, Spagna, ...)","Sì","","Umanistico (Lingue, Legge, Letteratura, ...)","","","No","No","","50"
"2019/03/16 4:40:45 PM GMT-5","Italiano","","","","","Maschio","21","Europa Meridionale (Grecia, Italia, Portogallo, Spagna, ...)","No","","","","","Sì","Sì","","0"
"2019/03/16 4:48:35 PM GMT-5","Italiano","","","","","Maschio","46","Europa Meridionale (Grecia, Italia, Portogallo, Spagna, ...)","Sì","","Scientifico (Ingegneria, Matematica, Medicina...)","","","Sì","No","","250"
"2019/03/16 4:52:44 PM GMT-5","Italiano","","","","","Maschio","54","Europa Meridionale (Grecia, Italia, Portogallo, Spagna, ...)","Sì","","Umanistico (Lingue, Legge, Letteratura, ...)","","","Sì","No","","50"
"2019/03/16 4:54:58 PM GMT-5","Italiano","","","","","Maschio","26","Europa Meridionale (Grecia, Italia, Portogallo, Spagna, ...)","Sì","","Scientifico (Ingegneria, Matematica, Medicina...)","","","Sì","Sì","","100"
"2019/03/16 6:02:49 PM GMT-5","Italiano","","","","","Femmina","20","Europa Meridionale (Grecia, Italia, Portogallo, Spagna, ...)","Sì","","Umanistico (Lingue, Legge, Letteratura, ...)","","","Sì","Sì","","80"
"2019/03/16 6:06:48 PM GMT-5","Italiano","","","","","Femmina","25","Europa Meridionale (Grecia, Italia, Portogallo, Spagna, ...)","Sì","","Umanistico (Lingue, Legge, Letteratura, ...)","","","No","No","","100"
"2019/03/16 6:53:07 PM GMT-5","Italiano","","","","","Maschio","25","Europa Meridionale (Grecia, Italia, Portogallo, Spagna, ...)","No","","","","","Sì","No","","150"
"2019/03/16 7:31:16 PM GMT-5","Italiano","","","","","Femmina","21","Europa Meridionale (Grecia, Italia, Portogallo, Spagna, ...)","Sì","","Umanistico (Lingue, Legge, Letteratura, ...)","","","No","No","","150"
"2019/03/16 8:25:35 PM GMT-5","Italiano","","","","","Femmina","25","Europa Meridionale (Grecia, Italia, Portogallo, Spagna, ...)","Sì","","Umanistico (Lingue, Legge, Letteratura, ...)","","","No","Sì","","200"
"2019/03/17 12:35:19 AM GMT-5","English","Female","23","Southern Europe (Greece, Italy, Portugal, Spain, ...)","Yes","","","","","Humanistic (Languages, Law, Literature, ...)","","Yes","Yes","","","230",""
"2019/03/17 12:59:40 AM GMT-5","Italiano","","","","","Maschio","39","Europa Meridionale (Grecia, Italia, Portogallo, Spagna, ...)","No","","","","","Sì","Sì","","60"
"2019/03/17 1:00:42 AM GMT-5","Italiano","","","","","Maschio","39","Europa Meridionale (Grecia, Italia, Portogallo, Spagna, ...)","No","","","","","Sì","Sì","","60"
"2019/03/17 2:36:56 AM GMT-5","Italiano","","","","","Femmina","22","Europa Meridionale (Grecia, Italia, Portogallo, Spagna, ...)","Sì","","Scientifico (Ingegneria, Matematica, Medicina...)","","","No","Sì","","200"
"2019/03/17 5:56:25 AM GMT-5","Italiano","","","","","Femmina","64","Europa Meridionale (Grecia, Italia, Portogallo, Spagna, ...)","Sì","","Artistico (Arti, Design, Architettura, ...)","","","Sì","No","","200"
"2019/03/17 6:00:54 AM GMT-5","Italiano","","","","","Femmina","64","Europa Meridionale (Grecia, Italia, Portogallo, Spagna, ...)","Sì","","Artistico (Arti, Design, Architettura, ...)","","","No","Sì","","200"
"2019/03/17 6:55:18 AM GMT-5","Italiano","","","","","Femmina","45","Europa Meridionale (Grecia, Italia, Portogallo, Spagna, ...)","No","","","","","Sì","No","","100"
"2019/03/17 7:05:25 AM GMT-5","Italiano","","","","","Femmina","45","Europa Meridionale (Grecia, Italia, Portogallo, Spagna, ...)","No","","","","","Sì","Sì","","200"
"2019/03/17 7:16:00 AM GMT-5","Italiano","","","","","Femmina","23","Europa Meridionale (Grecia, Italia, Portogallo, Spagna, ...)","Sì","","Umanistico (Lingue, Legge, Letteratura, ...)","","","No","Sì","","60 "
"2019/03/17 9:16:59 AM GMT-5","Italiano","","","","","Femmina","38","Europa Meridionale (Grecia, Italia, Portogallo, Spagna, ...)","Sì","","Umanistico (Lingue, Legge, Letteratura, ...)","","","No","No","","50"
"2019/03/17 10:00:45 AM GMT-5","Italiano","","","","","Maschio","22","Europa Meridionale (Grecia, Italia, Portogallo, Spagna, ...)","Sì","","Umanistico (Lingue, Legge, Letteratura, ...)","","","No","No","","100"
"2019/03/17 10:08:13 AM GMT-5","Italiano","","","","","Femmina","55","Europa Meridionale (Grecia, Italia, Portogallo, Spagna, ...)","No","","","","","No","No","","40"
"2019/03/17 10:11:08 AM GMT-5","Italiano","","","","","Femmina","22","Europa Meridionale (Grecia, Italia, Portogallo, Spagna, ...)","Sì","","Umanistico (Lingue, Legge, Letteratura, ...)","","","No","Sì","","150"
"2019/03/17 10:19:38 AM GMT-5","Italiano","","","","","Femmina","21","Europa Meridionale (Grecia, Italia, Portogallo, Spagna, ...)","No","","","","","Sì","No","","300"
"2019/03/17 10:40:34 AM GMT-5","Italiano","","","","","Femmina","17","Europa Meridionale (Grecia, Italia, Portogallo, Spagna, ...)","Sì","","Scientifico (Ingegneria, Matematica, Medicina...)","","","No","Sì","","30"
"2019/03/17 10:48:14 AM GMT-5","Italiano","","","","","Femmina","19","Europa Meridionale (Grecia, Italia, Portogallo, Spagna, ...)","Sì","","Scientifico (Ingegneria, Matematica, Medicina...)","","","No","No","","40"
"2019/03/17 10:51:09 AM GMT-5","Italiano","","","","","Maschio","19","Europa Meridionale (Grecia, Italia, Portogallo, Spagna, ...)","Sì","","Scientifico (Ingegneria, Matematica, Medicina...)","","","No","No","","175"
"2019/03/17 10:51:09 AM GMT-5","Italiano","","","","","Maschio","22","Europa Meridionale (Grecia, Italia, Portogallo, Spagna, ...)","No","","","","","Sì","Sì","","100"
"2019/03/17 10:51:24 AM GMT-5","Italiano","","","","","Femmina","19","Europa Meridionale (Grecia, Italia, Portogallo, Spagna, ...)","Sì","","Umanistico (Lingue, Legge, Letteratura, ...)","","","No","Sì","","50"
"2019/03/17 10:55:47 AM GMT-5","Italiano","","","","","Femmina","23","Europa Meridionale (Grecia, Italia, Portogallo, Spagna, ...)","Sì","","Umanistico (Lingue, Legge, Letteratura, ...)","","","No","Sì","","150"
"2019/03/17 10:56:00 AM GMT-5","Italiano","","","","","Maschio","21","Europa Meridionale (Grecia, Italia, Portogallo, Spagna, ...)","Sì","","Scientifico (Ingegneria, Matematica, Medicina...)","","","No","No","","30"
"2019/03/17 10:56:02 AM GMT-5","Italiano","","","","","Maschio","19","Europa Meridionale (Grecia, Italia, Portogallo, Spagna, ...)","Sì","","Scientifico (Ingegneria, Matematica, Medicina...)","","","No","No","","250"
"2019/03/17 10:56:13 AM GMT-5","Italiano","","","","","Maschio","19","Europa Meridionale (Grecia, Italia, Portogallo, Spagna, ...)","Sì","","Scientifico (Ingegneria, Matematica, Medicina...)","","","No","No","","250"
"2019/03/17 10:56:35 AM GMT-5","English","Female","20","Western Europe (Austria, Belgium, France, Germany, Netherlands, Switzerland, ...)","Yes","","","","","Humanistic (Languages, Law, Literature, ...)","","No","Yes","","","40",""
"2019/03/17 10:58:45 AM GMT-5","Italiano","","","","","Femmina","20","Europa Meridionale (Grecia, Italia, Portogallo, Spagna, ...)","Sì","","Scientifico (Ingegneria, Matematica, Medicina...)","","","No","No","","100"
"2019/03/17 11:00:58 AM GMT-5","Italiano","","","","","Maschio","22","Europa Meridionale (Grecia, Italia, Portogallo, Spagna, ...)","Sì","","Umanistico (Lingue, Legge, Letteratura, ...)","","","No","Sì","","40"
"2019/03/17 11:01:31 AM GMT-5","English","Male","19","Western Europe (Austria, Belgium, France, Germany, Netherlands, Switzerland, ...)","Yes","","","","","Humanistic (Languages, Law, Literature, ...)","","No","No","","","70",""
"2019/03/17 11:03:01 AM GMT-5","Italiano","","","","","Femmina","19","Europa Meridionale (Grecia, Italia, Portogallo, Spagna, ...)","Sì","","Umanistico (Lingue, Legge, Letteratura, ...)","","","No","Sì","","150"
"2019/03/17 11:03:51 AM GMT-5","Italiano","","","","","Femmina","22","Europa Meridionale (Grecia, Italia, Portogallo, Spagna, ...)","Sì","","Umanistico (Lingue, Legge, Letteratura, ...)","","","Sì","Sì","","50"
"2019/03/17 11:04:14 AM GMT-5","English","Female","20","Southern Europe (Greece, Italy, Portugal, Spain, ...)","Yes","","","","","Humanistic (Languages, Law, Literature, ...)","","No","No","","","150",""
"2019/03/17 11:05:34 AM GMT-5","English","Female","21","Africa","Yes","","","","","Humanistic (Languages, Law, Literature, ...)","","No","No","","","70",""
"2019/03/17 11:05:41 AM GMT-5","Italiano","","","","","Femmina","19","Europa Meridionale (Grecia, Italia, Portogallo, Spagna, ...)","Sì","","Scientifico (Ingegneria, Matematica, Medicina...)","","","No","No","","180"
"2019/03/17 11:07:48 AM GMT-5","Italiano","","","","","Femmina","19","Europa Meridionale (Grecia, Italia, Portogallo, Spagna, ...)","Sì","","Scientifico (Ingegneria, Matematica, Medicina...)","","","No","No","","30"
"2019/03/17 11:08:31 AM GMT-5","Italiano","","","","","Femmina","20","Europa Meridionale (Grecia, Italia, Portogallo, Spagna, ...)","Sì","","Umanistico (Lingue, Legge, Letteratura, ...)","","","Sì","Sì","","80"
"2019/03/17 11:23:50 AM GMT-5","Italiano","","","","","Maschio","21","Europa Meridionale (Grecia, Italia, Portogallo, Spagna, ...)","Sì","","Umanistico (Lingue, Legge, Letteratura, ...)","","","No","Sì","","70"
"2019/03/17 11:24:01 AM GMT-5","Italiano","","","","","Femmina","23","Europa Meridionale (Grecia, Italia, Portogallo, Spagna, ...)","Sì","","Umanistico (Lingue, Legge, Letteratura, ...)","","","No","Sì","","60 "
"2019/03/17 11:28:00 AM GMT-5","Italiano","","","","","Maschio","20","Europa Meridionale (Grecia, Italia, Portogallo, Spagna, ...)","Sì","","Scientifico (Ingegneria, Matematica, Medicina...)","","","No","Sì","","100"
"2019/03/17 11:33:14 AM GMT-5","English","Female","20","Western Europe (Austria, Belgium, France, Germany, Netherlands, Switzerland, ...)","Yes","","","","","Humanistic (Languages, Law, Literature, ...)","","Yes","No","","","50",""
"2019/03/17 11:36:08 AM GMT-5","Italiano","","","","","Femmina","19","Europa Meridionale (Grecia, Italia, Portogallo, Spagna, ...)","Sì","","Scientifico (Ingegneria, Matematica, Medicina...)","","","No","Sì","","60"
"2019/03/17 11:36:51 AM GMT-5","Italiano","","","","","Maschio","22","Europa Meridionale (Grecia, Italia, Portogallo, Spagna, ...)","Sì","","Umanistico (Lingue, Legge, Letteratura, ...)","","","No","Sì","","70"
"2019/03/17 11:38:14 AM GMT-5","English","Female","29","South America","Yes","","","","","Humanistic (Languages, Law, Literature, ...)","","No","No","","","20",""
"2019/03/17 11:43:39 AM GMT-5","Italiano","","","","","Femmina","19","Europa Meridionale (Grecia, Italia, Portogallo, Spagna, ...)","Sì","","Scientifico (Ingegneria, Matematica, Medicina...)","","","No","No","","50"
"2019/03/17 11:49:42 AM GMT-5","Italiano","","","","","Maschio","21","Europa Meridionale (Grecia, Italia, Portogallo, Spagna, ...)","Sì","","Scientifico (Ingegneria, Matematica, Medicina...)","","","No","No","","39"
"2019/03/17 11:56:15 AM GMT-5","English","Female","19","Western Europe (Austria, Belgium, France, Germany, Netherlands, Switzerland, ...)","Yes","","","","","Humanistic (Languages, Law, Literature, ...)","","No","No","","","30",""
"2019/03/17 12:08:58 PM GMT-5","English","Female","19","Western Europe (Austria, Belgium, France, Germany, Netherlands, Switzerland, ...)","Yes","","","","","Humanistic (Languages, Law, Literature, ...)","","Yes","Yes","","","35",""
"2019/03/17 12:38:21 PM GMT-5","Italiano","","","","","Maschio","50","Europa Meridionale (Grecia, Italia, Portogallo, Spagna, ...)","No","","","","","Sì","Sì","","100"
"2019/03/17 12:40:44 PM GMT-5","Italiano","","","","","Maschio","56","Europa Meridionale (Grecia, Italia, Portogallo, Spagna, ...)","No","","","","","Sì","Sì","","25"
"2019/03/17 1:12:27 PM GMT-5","Italiano","","","","","Maschio","26","Europa Orientale (Repubblica Ceca, Estonia, Ungheria, Lettonia, Lituania, Russia, ... )","Sì","","Scientifico (Ingegneria, Matematica, Medicina...)","","","No","No","","200"
"2019/03/17 2:12:00 PM GMT-5","Italiano","","","","","Maschio","18","Europa Meridionale (Grecia, Italia, Portogallo, Spagna, ...)","Sì","","Scientifico (Ingegneria, Matematica, Medicina...)","","","No","Sì","","100"
"2019/03/17 2:14:15 PM GMT-5","Italiano","","","","","Femmina","20","Europa Meridionale (Grecia, Italia, Portogallo, Spagna, ...)","Sì","","Umanistico (Lingue, Legge, Letteratura, ...)","","","Sì","No","","30"
"2019/03/17 2:15:09 PM GMT-5","Italiano","","","","","Femmina","24","Europa Meridionale (Grecia, Italia, Portogallo, Spagna, ...)","No","","","","","Sì","Sì","","300"
"2019/03/17 2:16:49 PM GMT-5","Italiano","","","","","Femmina","24","Europa Meridionale (Grecia, Italia, Portogallo, Spagna, ...)","No","","","","","Sì","Sì","","300"
"2019/03/17 2:18:01 PM GMT-5","Italiano","","","","","Femmina","22","Europa Meridionale (Grecia, Italia, Portogallo, Spagna, ...)","Sì","","Scientifico (Ingegneria, Matematica, Medicina...)","","","Sì","Sì","","250"
"2019/03/17 2:24:41 PM GMT-5","Italiano","","","","","Femmina","43","Africa","No","","","","","Sì","No","","90"
"2019/03/17 4:54:20 PM GMT-5","Italiano","","","","","Maschio","24","Europa Meridionale (Grecia, Italia, Portogallo, Spagna, ...)","Sì","","Scientifico (Ingegneria, Matematica, Medicina...)","","","No","No","","250"
"2019/03/17 5:03:01 PM GMT-5","Italiano","","","","","Maschio","24","Asia","Sì","","Artistico (Arti, Design, Architettura, ...)","","","Sì","No","","450"
"2019/03/17 5:06:51 PM GMT-5","Italiano","","","","","Femmina","27","Europa Meridionale (Grecia, Italia, Portogallo, Spagna, ...)","Sì","","Umanistico (Lingue, Legge, Letteratura, ...)","","","Sì","No","","250"
"2019/03/17 5:07:56 PM GMT-5","English","Female","24","South America","No","","","","","","","No","No","","","19",""
"2019/03/17 5:08:35 PM GMT-5","Italiano","","","","","Femmina","20","Europa Meridionale (Grecia, Italia, Portogallo, Spagna, ...)","Sì","","Artistico (Arti, Design, Architettura, ...)","","","No","Sì","","200"
"2019/03/17 5:14:26 PM GMT-5","Italiano","","","","","Femmina","28","Europa Meridionale (Grecia, Italia, Portogallo, Spagna, ...)","Sì","","Scientifico (Ingegneria, Matematica, Medicina...)","","","No","No","","110"
"2019/03/17 5:16:22 PM GMT-5","Italiano","","","","","Maschio","29","Europa Meridionale (Grecia, Italia, Portogallo, Spagna, ...)","No","","","","","Sì","Sì","","80"
"2019/03/17 5:17:36 PM GMT-5","Italiano","","","","","Maschio","23","Europa Meridionale (Grecia, Italia, Portogallo, Spagna, ...)","No","","","","","Sì","No","","450"
"2019/03/17 5:19:24 PM GMT-5","Italiano","","","","","Maschio","29","Europa Meridionale (Grecia, Italia, Portogallo, Spagna, ...)","Sì","","Scientifico (Ingegneria, Matematica, Medicina...)","","","Sì","Sì","","120 "
"2019/03/17 5:23:58 PM GMT-5","English","Female","21","South America","Yes","","","","","Humanistic (Languages, Law, Literature, ...)","","No","No","","","30",""
"2019/03/17 5:51:04 PM GMT-5","Italiano","","","","","Femmina","23","Europa Meridionale (Grecia, Italia, Portogallo, Spagna, ...)","Sì","","Artistico (Arti, Design, Architettura, ...)","","","No","No","","63"
"2019/03/17 6:00:06 PM GMT-5","Italiano","","","","","Maschio","26","Europa Meridionale (Grecia, Italia, Portogallo, Spagna, ...)","Sì","","Scientifico (Ingegneria, Matematica, Medicina...)","","","No","No","","100"
"2019/03/17 6:03:55 PM GMT-5","Italiano","","","","","Femmina","28","Europa Meridionale (Grecia, Italia, Portogallo, Spagna, ...)","Sì","","Umanistico (Lingue, Legge, Letteratura, ...)","","","Sì","Sì","","300"
"2019/03/17 6:05:09 PM GMT-5","Italiano","","","","","Maschio","25","Europa Meridionale (Grecia, Italia, Portogallo, Spagna, ...)","Sì","","Scientifico (Ingegneria, Matematica, Medicina...)","","","Sì","No","","400"
"2019/03/17 6:46:26 PM GMT-5","Italiano","","","","","Maschio","24","Europa Meridionale (Grecia, Italia, Portogallo, Spagna, ...)","No","","","","","Sì","Sì","","60"